id_venta,fecha,cliente_id,producto_id,cantidad
1,2026-03-20,109,2,4
2,2026-01-28,105,2,4
3,2026-05-24,103,2,4
4,2026-01-12,106,1,5
5,2026-04-06,104,2,3
6,2026-06-22,102,4,1
7,2026-04-02,105,3,1
8,2026-03-10,106,3,3
9,2026-04-30,103,2,3
10,2026-03-19,106,3,5
11,2026-05-14,109,1,1
12,2026-04-04,104,3,1
13,2026-02-11,108,5,4
14,2026-06-28,107,2,4
15,2026-08-21,109,2,4
16,2026-06-22,107,4,3
17,2026-08-20,106,4,5
18,2026-03-27,104,1,4
19,2026-01-18,108,4,4
20,2026-07-12,104,3,3
21,2026-01-07,107,3,3
22,2026-04-07,105,3,3
23,2026-05-03,107,3,2
24,2026-08-09,103,1,3
25,2026-06-20,102,2,5
26,2026-06-30,105,5,2
27,2026-07-28,105,2,5
28,2026-05-23,106,5,5
29,2026-05-18,105,2,1
30,2026-03-25,108,3,1
31,2026-05-03,108,4,1
32,2026-04-27,103,5,2
33,2026-07-07,108,2,3
34,2026-04-08,110,1,1
35,2026-05-28,104,3,1
36,2026-03-20,102,3,2
37,2026-05-21,102,3,5
38,2026-04-20,102,4,1
39,2026-05-12,110,1,4
40,2026-08-14,109,5,2
41,2026-01-09,109,3,2
42,2026-04-11,102,2,3
43,2026-04-07,106,2,2
44,2026-08-05,106,5,3
45,2026-07-19,102,5,4
46,2026-05-11,103,3,3
47,2026-08-13,105,2,3
48,2026-01-15,103,2,3
49,2026-05-27,109,3,4
50,2026-04-13,108,4,1
51,2026-06-16,105,1,4
52,2026-08-19,104,1,3
53,2026-05-03,107,3,3
54,2026-07-09,103,1,4
55,2026-02-13,109,4,3
56,2026-03-22,107,4,3
57,2026-03-05,109,2,4
58,2026-08-15,107,5,4
59,2026-07-31,102,3,3
60,2026-01-23,106,5,3
61,2026-06-20,110,2,3
62,2026-01-04,102,1,5
63,2026-05-05,110,5,5
64,2026-08-06,107,5,3
65,2026-05-25,103,1,1
66,2026-04-01,103,1,4
67,2026-05-04,107,3,3
68,2026-05-23,109,4,5
69,2026-08-30,103,5,1
70,2026-04-01,101,4,4
71,2026-01-11,103,3,4
72,2026-04-06,103,4,2
73,2026-01-07,105,5,4
74,2026-07-24,109,1,3
75,2026-02-23,102,1,3
76,2026-02-03,107,1,2
77,2026-07-30,105,4,4
78,2026-07-25,101,4,1
79,2026-01-23,101,4,4
80,2026-04-01,109,4,5
81,2026-05-15,105,1,3
82,2026-07-18,105,3,1
83,2026-08-27,101,3,4
84,2026-05-25,105,4,2
85,2026-05-24,104,1,4
86,2026-03-09,101,4,3
87,2026-06-06,106,1,3
88,2026-01-31,110,2,4
89,2026-06-04,109,3,4
90,2026-06-21,109,5,2
91,2026-02-05,106,5,5
92,2026-02-18,104,5,2
93,2026-04-24,101,3,2
94,2026-07-17,102,2,3
95,2026-08-30,110,2,1
96,2026-05-25,103,2,4
97,2026-08-22,107,3,4
98,2026-01-17,104,4,1
99,2026-08-06,103,5,4
100,2026-06-21,109,3,3
101,2026-05-20,106,2,2
102,2026-04-06,105,1,1
103,2026-02-06,109,4,2
104,2026-04-07,103,3,2
105,2026-06-24,107,5,4
106,2026-06-13,102,5,1
107,2026-05-26,107,4,3
108,2026-03-14,103,3,1
109,2026-05-27,102,2,3
110,2026-07-12,104,5,4
111,2026-01-13,110,2,4
112,2026-08-16,102,1,4
113,2026-07-07,104,1,3
114,2026-03-04,104,1,4
115,2026-05-23,105,1,5
116,2026-05-25,107,5,2
117,2026-05-15,103,1,1
118,2026-08-25,101,3,5
119,2026-01-22,108,5,3
120,2026-01-31,106,1,3
121,2026-08-05,109,1,4
122,2026-08-08,105,1,1
123,2026-04-11,101,2,2
124,2026-03-15,102,5,3
125,2026-02-04,105,4,1
126,2026-05-07,101,2,5
127,2026-05-16,106,1,2
128,2026-08-24,107,4,2
129,2026-07-04,102,4,3
130,2026-05-20,101,3,4
131,2026-04-30,110,4,4
132,2026-04-23,107,4,1
133,2026-05-12,108,5,2
134,2026-07-03,105,5,1
135,2026-01-26,109,5,5
136,2026-01-09,104,3,3
137,2026-04-10,102,3,1
138,2026-07-31,101,4,1
139,2026-04-17,105,5,3
140,2026-02-28,109,5,5
141,2026-07-23,102,3,3
142,2026-05-18,106,4,3
143,2026-05-08,105,4,5
144,2026-02-24,109,1,5
145,2026-03-08,110,5,2
146,2026-06-08,103,3,5
147,2026-08-05,101,4,4
148,2026-08-24,109,3,1
149,2026-02-12,106,5,3
150,2026-03-27,102,3,3
151,2026-04-06,102,1,3
152,2026-06-11,105,2,4
153,2026-08-14,102,3,2
154,2026-06-26,101,3,3
155,2026-04-07,102,4,1
156,2026-04-04,106,5,5
157,2026-08-09,108,3,5
158,2026-07-28,108,5,2
159,2026-08-14,106,2,1
160,2026-03-07,101,2,2
161,2026-04-19,101,4,3
162,2026-01-29,110,3,2
163,2026-06-05,102,4,5
164,2026-04-05,104,2,4
165,2026-05-16,107,4,2
166,2026-06-23,104,5,4
167,2026-03-02,110,1,2
168,2026-06-22,108,1,5
169,2026-08-04,104,5,3
170,2026-01-29,105,1,4
171,2026-01-05,103,1,5
172,2026-03-05,106,5,3
173,2026-01-17,104,5,2
174,2026-08-16,106,4,1
175,2026-06-11,109,2,2
176,2026-04-14,105,2,1
177,2026-06-13,108,3,5
178,2026-08-04,101,3,2
179,2026-02-19,106,4,5
180,2026-06-15,109,2,2
181,2026-03-31,101,4,2
182,2026-01-19,108,5,2
183,2026-01-26,104,1,3
184,2026-02-02,101,4,5
185,2026-02-08,102,4,4
186,2026-08-16,109,5,4
187,2026-05-31,102,5,2
188,2026-06-05,107,4,4
189,2026-08-02,104,5,2
190,2026-03-23,110,2,4
191,2026-05-01,109,4,4
192,2026-03-14,110,5,2
193,2026-04-16,103,2,5
194,2026-03-28,109,1,3
195,2026-03-13,109,2,1
196,2026-03-09,101,3,3
197,2026-01-26,109,1,1
198,2026-04-07,106,2,3
199,2026-03-06,107,4,1
200,2026-05-04,105,1,4
201,2026-04-11,107,4,1
202,2026-01-03,109,2,4
203,2026-07-26,110,4,5
204,2026-02-13,107,1,2
205,2026-07-14,105,5,3
206,2026-03-18,102,1,2
207,2026-01-15,101,2,5
208,2026-03-21,107,4,2
209,2026-08-13,103,3,2
210,2026-01-04,105,3,4
211,2026-05-29,102,4,3
212,2026-07-27,102,5,3
213,2026-08-30,110,1,1
214,2026-06-22,106,1,2
215,2026-08-08,105,3,5
216,2026-04-06,106,5,5
217,2026-02-17,104,1,2
218,2026-04-14,102,2,4
219,2026-06-29,108,2,1
220,2026-01-04,108,1,1
221,2026-05-11,105,4,1
222,2026-08-30,106,2,3
223,2026-04-25,104,5,5
224,2026-07-08,102,2,1
225,2026-04-09,102,5,3
226,2026-01-14,110,2,4
227,2026-05-03,108,3,3
228,2026-07-07,109,2,4
229,2026-08-07,107,2,5
230,2026-08-03,103,3,5
231,2026-01-22,109,1,3
232,2026-08-04,107,4,3
233,2026-03-27,108,5,5
234,2026-04-08,108,1,1
235,2026-08-10,104,2,1
236,2026-05-07,104,3,1
237,2026-08-25,108,3,3
238,2026-07-16,108,3,5
239,2026-07-17,103,5,5
240,2026-07-29,106,3,2
241,2026-05-05,109,5,1
242,2026-07-24,106,5,5
243,2026-05-29,110,3,5
244,2026-04-15,102,1,3
245,2026-04-10,102,3,5
246,2026-06-20,102,5,3
247,2026-02-19,110,1,2
248,2026-08-15,110,3,1
249,2026-03-01,105,3,1
250,2026-04-07,104,5,3
251,2026-08-17,110,3,1
252,2026-04-09,101,5,3
253,2026-01-11,102,3,1
254,2026-04-07,104,2,2
255,2026-07-16,102,5,1
256,2026-07-14,106,3,4
257,2026-04-05,102,5,4
258,2026-02-07,107,4,5
259,2026-03-14,102,4,1
260,2026-07-28,109,1,4
261,2026-03-31,107,1,4
262,2026-04-11,105,2,3
263,2026-08-27,103,3,5
264,2026-03-05,104,2,1
265,2026-06-15,108,3,5
266,2026-05-25,103,1,2
267,2026-01-18,106,2,1
268,2026-08-15,104,3,5
269,2026-06-10,108,5,2
270,2026-07-20,106,5,1
271,2026-02-08,108,5,2
272,2026-06-28,105,3,3
273,2026-05-11,107,4,4
274,2026-08-08,107,4,2
275,2026-07-07,109,3,5
276,2026-02-05,106,4,1
277,2026-05-02,109,5,1
278,2026-06-16,106,1,3
279,2026-01-06,101,2,4
280,2026-04-28,107,5,3
281,2026-01-02,109,5,1
282,2026-07-05,104,2,3
283,2026-04-05,101,2,1
284,2026-01-08,103,3,1
285,2026-07-05,104,5,4
286,2026-03-28,108,1,2
287,2026-06-05,101,4,5
288,2026-02-02,109,1,1
289,2026-07-03,110,2,1
290,2026-03-26,106,2,1
291,2026-01-07,102,2,2
292,2026-02-03,103,2,4
293,2026-01-04,110,5,4
294,2026-01-11,104,2,1
295,2026-08-14,103,2,1
296,2026-06-07,104,1,4
297,2026-01-27,110,1,4
298,2026-01-24,109,2,4
299,2026-07-02,110,2,3
300,2026-01-30,105,2,5
301,2026-01-11,110,4,2
302,2026-07-08,101,1,3
303,2026-04-21,101,4,4
304,2026-05-21,110,5,4
305,2026-08-27,104,3,3
306,2026-01-13,104,1,1
307,2026-01-13,108,3,2
308,2026-05-21,108,1,2
309,2026-02-07,104,3,5
310,2026-01-14,110,3,4
311,2026-06-10,104,1,2
312,2026-07-16,102,4,2
313,2026-07-27,108,3,1
314,2026-08-29,108,4,4
315,2026-05-15,108,5,5
316,2026-04-26,101,5,5
317,2026-04-11,109,5,2
318,2026-02-17,107,5,3
319,2026-04-27,103,4,2
320,2026-05-23,105,5,5
321,2026-03-22,101,3,2
322,2026-07-06,101,1,3
323,2026-01-27,108,5,4
324,2026-05-21,105,1,3
325,2026-07-11,107,2,2
326,2026-02-20,106,4,3
327,2026-02-16,104,5,2
328,2026-02-24,109,2,4
329,2026-01-14,109,2,4
330,2026-08-26,110,2,5
331,2026-03-17,104,3,4
332,2026-04-07,101,3,3
333,2026-02-06,103,4,2
334,2026-07-25,104,3,4
335,2026-05-29,102,1,1
336,2026-04-21,103,4,3
337,2026-08-02,107,1,5
338,2026-05-15,108,5,3
339,2026-07-12,104,2,4
340,2026-06-11,109,4,1
341,2026-01-28,107,4,4
342,2026-03-19,107,2,3
343,2026-06-04,105,2,5
344,2026-04-02,103,3,5
345,2026-07-21,102,3,2
346,2026-02-16,110,4,3
347,2026-05-02,104,1,1
348,2026-07-07,104,5,1
349,2026-08-09,107,5,3
350,2026-07-28,110,3,5
351,2026-07-07,107,2,4
352,2026-04-30,102,5,4
353,2026-08-09,108,2,5
354,2026-02-21,106,2,1
355,2026-04-07,105,4,1
356,2026-04-01,101,1,3
357,2026-05-23,109,1,3
358,2026-08-16,107,2,1
359,2026-05-23,103,3,2
360,2026-08-13,107,2,1
361,2026-01-25,106,1,3
362,2026-06-27,102,3,1
363,2026-02-08,108,2,2
364,2026-03-14,103,4,2
365,2026-04-13,110,2,4
366,2026-02-19,103,3,4
367,2026-07-03,106,4,3
368,2026-02-11,109,4,5
369,2026-06-12,106,1,4
370,2026-05-19,109,1,5
371,2026-07-18,107,5,5
372,2026-06-20,110,5,4
373,2026-02-25,104,5,1
374,2026-04-08,102,3,3
375,2026-02-09,105,1,5
376,2026-08-11,105,1,2
377,2026-07-10,103,1,3
378,2026-03-31,101,1,5
379,2026-07-05,107,2,3
380,2026-04-28,110,4,1
381,2026-07-26,101,5,4
382,2026-05-13,101,3,4
383,2026-04-30,110,1,1
384,2026-07-01,107,4,5
385,2026-06-17,108,5,5
386,2026-06-14,102,3,5
387,2026-01-04,110,3,2
388,2026-05-07,105,5,3
389,2026-01-08,110,3,1
390,2026-03-26,103,4,3
391,2026-04-06,102,2,2
392,2026-04-27,106,1,4
393,2026-06-16,110,5,2
394,2026-07-22,103,3,5
395,2026-02-27,106,4,3
396,2026-04-21,104,2,2
397,2026-01-12,110,1,5
398,2026-08-18,103,1,3
399,2026-01-03,103,2,1
400,2026-01-07,108,2,2
401,2026-08-28,101,5,3
402,2026-08-09,102,2,4
403,2026-06-01,106,4,3
404,2026-02-23,103,3,5
405,2026-02-07,109,4,2
406,2026-05-12,102,4,4
407,2026-04-21,107,2,2
408,2026-07-05,108,1,5
409,2026-08-11,109,4,4
410,2026-07-21,104,2,1
411,2026-05-13,102,5,4
412,2026-05-22,107,2,2
413,2026-07-18,104,1,5
414,2026-06-16,101,5,4
415,2026-02-24,104,3,5
416,2026-06-06,106,2,3
417,2026-01-04,104,5,4
418,2026-06-12,108,4,3
419,2026-03-07,106,1,4
420,2026-05-23,105,3,4
421,2026-05-19,101,4,4
422,2026-08-20,102,2,4
423,2026-04-08,105,3,2
424,2026-04-25,102,3,3
425,2026-06-02,104,2,2
426,2026-01-02,106,1,3
427,2026-04-21,110,2,3
428,2026-08-17,104,2,2
429,2026-08-30,109,4,2
430,2026-03-30,105,3,5
431,2026-01-19,105,1,2
432,2026-03-20,108,2,2
433,2026-08-09,105,2,4
434,2026-01-21,106,3,1
435,2026-03-06,105,3,1
436,2026-05-04,104,3,3
437,2026-01-14,102,3,4
438,2026-04-23,106,5,1
439,2026-05-16,109,3,2
440,2026-05-05,108,2,2
441,2026-08-10,103,2,3
442,2026-03-09,108,1,2
443,2026-06-06,107,4,2
444,2026-01-16,104,3,4
445,2026-03-31,107,4,4
446,2026-02-01,101,4,3
447,2026-01-23,107,1,3
448,2026-01-06,106,3,5
449,2026-06-01,109,5,3
450,2026-02-02,104,4,5
451,2026-04-16,110,4,2
452,2026-02-25,103,4,4
453,2026-08-28,107,4,5
454,2026-04-19,106,4,3
455,2026-08-11,103,4,2
456,2026-03-15,107,5,4
457,2026-01-25,107,5,4
458,2026-02-04,108,5,2
459,2026-08-28,103,2,1
460,2026-06-27,109,4,1
461,2026-02-28,105,1,4
462,2026-03-25,101,5,1
463,2026-05-21,104,2,3
464,2026-08-14,108,1,1
465,2026-07-12,108,5,4
466,2026-05-19,102,2,3
467,2026-06-20,105,3,2
468,2026-07-11,101,2,5
469,2026-07-10,107,4,4
470,2026-03-06,104,4,4
471,2026-05-24,104,5,5
472,2026-06-12,102,4,2
473,2026-07-19,101,1,1
474,2026-08-10,108,1,2
475,2026-03-21,106,2,2
476,2026-05-23,104,5,1
477,2026-02-08,110,2,5
478,2026-04-05,101,2,3
479,2026-01-06,106,1,1
480,2026-02-01,101,4,3
481,2026-04-30,106,1,5
482,2026-03-19,104,2,1
483,2026-02-27,109,4,5
484,2026-04-10,109,4,5
485,2026-04-06,104,1,3
486,2026-06-07,109,5,1
487,2026-04-07,108,4,2
488,2026-08-21,108,2,5
489,2026-02-17,103,1,5
490,2026-08-13,101,1,2
491,2026-01-25,103,4,3
492,2026-01-03,106,1,3
493,2026-05-20,105,4,5
494,2026-04-18,107,1,3
495,2026-06-17,105,3,5
496,2026-03-03,106,3,5
497,2026-07-06,109,2,5
498,2026-05-03,110,1,2
499,2026-06-27,104,2,3
500,2026-06-12,109,2,2
501,2026-07-18,105,2,3
502,2026-04-14,101,2,1
503,2026-06-26,106,3,3
504,2026-08-03,105,2,3
505,2026-01-03,106,4,3
506,2026-07-30,105,4,1
507,2026-04-20,108,2,1
508,2026-07-05,107,3,3
509,2026-01-21,107,5,2
510,2026-06-04,104,2,3
511,2026-03-13,101,3,5
512,2026-08-14,104,1,3
513,2026-05-17,104,1,2
514,2026-07-03,106,3,1
515,2026-01-27,103,3,4
516,2026-04-19,110,4,1
517,2026-05-01,106,1,2
518,2026-01-19,110,5,4
519,2026-03-10,103,2,3
520,2026-06-28,103,5,5
521,2026-03-10,109,1,1
522,2026-05-11,110,1,3
523,2026-02-11,107,3,3
524,2026-01-24,110,4,4
525,2026-07-18,109,4,5
526,2026-06-14,105,3,5
527,2026-03-14,107,4,5
528,2026-06-12,109,4,3
529,2026-07-13,107,1,1
530,2026-07-26,105,4,1
531,2026-04-03,107,2,2
532,2026-01-09,110,3,1
533,2026-02-18,103,4,1
534,2026-02-04,101,2,5
535,2026-01-17,104,5,4
536,2026-06-01,102,4,2
537,2026-06-04,102,4,4
538,2026-07-21,101,5,2
539,2026-08-17,101,4,5
540,2026-03-23,110,3,2
541,2026-05-05,106,3,2
542,2026-04-23,106,4,4
543,2026-05-09,107,5,1
544,2026-07-03,108,3,4
545,2026-03-06,105,1,1
546,2026-07-03,101,2,2
547,2026-01-02,102,2,4
548,2026-02-05,109,5,1
549,2026-08-29,107,2,4
550,2026-03-04,101,1,1
551,2026-06-08,104,3,1
552,2026-06-30,101,3,3
553,2026-03-21,109,5,3
554,2026-02-07,107,4,5
555,2026-01-17,101,2,2
556,2026-07-28,108,3,5
557,2026-06-20,109,1,5
558,2026-02-10,101,5,5
559,2026-06-16,102,5,3
560,2026-07-25,103,3,4
561,2026-08-17,106,1,1
562,2026-06-28,106,1,4
563,2026-08-01,105,2,4
564,2026-08-22,102,5,2
565,2026-07-08,101,2,2
566,2026-05-28,106,3,1
567,2026-06-28,107,3,1
568,2026-01-14,104,2,5
569,2026-07-16,108,5,3
570,2026-04-08,105,5,1
571,2026-08-23,103,3,5
572,2026-03-10,108,1,4
573,2026-05-11,109,1,3
574,2026-04-18,101,5,3
575,2026-03-10,110,2,4
576,2026-08-01,104,3,4
577,2026-07-04,106,1,4
578,2026-02-15,101,1,4
579,2026-02-01,101,4,5
580,2026-06-07,101,2,1
581,2026-04-06,104,3,4
582,2026-08-17,103,4,5
583,2026-03-08,110,1,2
584,2026-07-31,102,4,1
585,2026-08-02,104,5,2
586,2026-01-25,104,5,2
587,2026-02-15,109,1,5
588,2026-08-12,103,2,5
589,2026-06-26,103,5,3
590,2026-05-19,101,2,2
591,2026-06-04,107,2,2
592,2026-07-17,103,4,1
593,2026-02-03,106,1,1
594,2026-03-26,110,5,5
595,2026-03-24,108,2,2
596,2026-02-05,103,4,5
597,2026-03-29,103,4,5
598,2026-08-28,107,3,3
599,2026-06-04,108,1,4
600,2026-05-30,103,2,5
601,2026-01-22,109,5,1
602,2026-08-15,102,5,1
603,2026-08-30,107,1,4
604,2026-01-22,108,1,5
605,2026-08-11,107,1,1
606,2026-02-14,103,3,5
607,2026-04-05,107,5,5
608,2026-06-05,110,5,1
609,2026-03-11,101,3,4
610,2026-05-26,107,5,5
611,2026-02-04,103,4,3
612,2026-03-04,105,5,3
613,2026-06-26,106,2,4
614,2026-02-10,110,4,2
615,2026-02-28,107,4,5
616,2026-05-10,110,2,5
617,2026-01-14,108,3,1
618,2026-04-09,103,3,1
619,2026-02-14,103,4,5
620,2026-04-04,104,3,2
621,2026-07-28,108,5,4
622,2026-04-23,107,1,5
623,2026-02-20,110,4,1
624,2026-07-24,106,1,4
625,2026-02-15,106,1,4
626,2026-02-07,104,1,3
627,2026-03-01,104,3,5
628,2026-04-17,109,1,4
629,2026-01-24,104,4,1
630,2026-05-26,109,2,5
631,2026-04-28,101,5,1
632,2026-02-05,102,3,2
633,2026-05-21,106,1,3
634,2026-03-05,109,4,4
635,2026-06-23,102,5,2
636,2026-03-16,108,5,3
637,2026-08-24,107,5,5
638,2026-02-16,103,5,4
639,2026-01-04,108,3,1
640,2026-03-06,106,3,5
641,2026-03-11,109,1,3
642,2026-02-24,107,4,4
643,2026-06-23,105,3,2
644,2026-03-31,109,2,4
645,2026-05-22,106,3,4
646,2026-01-07,101,2,2
647,2026-02-19,101,4,3
648,2026-04-15,103,2,5
649,2026-08-14,103,5,5
650,2026-04-10,101,4,5
651,2026-01-09,110,3,5
652,2026-06-07,102,5,1
653,2026-08-20,102,2,2
654,2026-06-24,109,1,3
655,2026-07-14,103,2,2
656,2026-05-10,104,4,5
657,2026-05-20,103,3,5
658,2026-01-26,107,5,1
659,2026-04-06,108,5,1
660,2026-03-24,102,1,1
661,2026-07-08,103,4,2
662,2026-08-23,108,2,4
663,2026-01-20,103,1,3
664,2026-08-08,102,3,4
665,2026-02-20,109,3,3
666,2026-07-06,106,2,5
667,2026-04-21,106,3,1
668,2026-07-23,108,4,4
669,2026-02-03,107,3,1
670,2026-01-19,104,5,5
671,2026-08-14,105,4,4
672,2026-05-06,110,5,5
673,2026-03-09,108,1,2
674,2026-05-24,106,4,1
675,2026-04-16,104,2,3
676,2026-04-10,108,1,2
677,2026-05-10,107,4,5
678,2026-06-27,104,5,3
679,2026-07-14,104,4,3
680,2026-02-03,106,4,1
681,2026-05-19,101,4,2
682,2026-05-11,101,1,1
683,2026-08-03,109,3,3
684,2026-07-31,106,4,5
685,2026-06-12,105,5,4
686,2026-07-21,109,5,3
687,2026-05-03,104,1,5
688,2026-02-03,101,5,3
689,2026-04-06,107,1,5
690,2026-04-11,109,5,2
691,2026-05-25,104,3,5
692,2026-08-06,110,2,3
693,2026-08-25,101,1,2
694,2026-01-05,102,3,5
695,2026-05-27,108,1,2
696,2026-05-12,104,3,2
697,2026-05-03,108,4,1
698,2026-02-13,105,4,2
699,2026-04-27,106,2,5
700,2026-01-30,103,4,2
701,2026-03-17,110,5,5
702,2026-03-20,101,2,1
703,2026-01-15,103,4,5
704,2026-02-03,106,5,5
705,2026-03-12,106,3,4
706,2026-03-08,110,1,1
707,2026-08-22,105,1,4
708,2026-06-28,107,1,3
709,2026-04-08,104,4,2
710,2026-05-11,101,1,3
711,2026-03-03,104,3,4
712,2026-01-21,103,5,1
713,2026-03-23,107,2,1
714,2026-08-29,103,3,5
715,2026-06-06,108,1,1
716,2026-05-10,104,5,1
717,2026-06-24,101,3,5
718,2026-07-07,103,2,4
719,2026-03-03,105,5,5
720,2026-04-16,102,1,1
721,2026-05-10,103,5,4
722,2026-04-11,107,1,2
723,2026-01-18,110,2,1
724,2026-07-06,108,2,3
725,2026-06-06,108,3,3
726,2026-03-18,110,1,1
727,2026-04-30,110,3,2
728,2026-08-07,110,3,5
729,2026-04-17,103,1,1
730,2026-08-28,106,1,3
731,2026-03-11,102,2,1
732,2026-05-29,109,4,5
733,2026-04-15,109,5,3
734,2026-07-11,101,2,2
735,2026-06-29,101,4,4
736,2026-01-20,105,3,3
737,2026-08-12,105,2,1
738,2026-04-09,108,5,4
739,2026-06-29,105,3,5
740,2026-03-12,106,4,2
741,2026-02-16,101,3,5
742,2026-06-24,110,3,1
743,2026-07-10,106,5,4
744,2026-03-07,102,4,2
745,2026-02-22,106,4,1
746,2026-05-07,106,4,2
747,2026-08-30,107,3,2
748,2026-03-10,101,5,4
749,2026-03-31,106,2,4
750,2026-01-01,105,5,1
751,2026-06-18,105,4,2
752,2026-03-22,110,2,4
753,2026-04-22,103,4,4
754,2026-05-18,107,5,2
755,2026-03-18,106,5,1
756,2026-06-24,101,1,4
757,2026-08-08,108,5,5
758,2026-05-14,105,5,5
759,2026-01-19,101,4,3
760,2026-01-29,102,2,1
761,2026-03-14,105,2,1
762,2026-05-25,103,2,2
763,2026-02-12,108,3,5
764,2026-05-23,110,5,1
765,2026-04-04,101,5,1
766,2026-02-25,101,5,3
767,2026-06-11,110,5,3
768,2026-01-23,101,3,3
769,2026-07-12,108,4,5
770,2026-08-26,105,4,3
771,2026-08-01,108,3,4
772,2026-08-15,105,2,5
773,2026-07-15,103,1,2
774,2026-03-20,102,2,3
775,2026-03-19,101,1,3
776,2026-07-20,110,1,1
777,2026-04-13,102,2,3
778,2026-05-20,108,5,1
779,2026-02-18,107,1,5
780,2026-04-17,109,5,2
781,2026-03-09,105,2,4
782,2026-02-16,110,5,2
783,2026-08-28,106,2,4
784,2026-08-30,105,5,2
785,2026-03-18,106,5,1
786,2026-01-08,106,3,5
787,2026-04-06,106,4,1
788,2026-06-17,106,4,3
789,2026-06-01,109,3,4
790,2026-07-01,104,1,2
791,2026-04-06,107,4,3
792,2026-04-10,110,1,5
793,2026-03-07,109,4,3
794,2026-06-27,109,1,2
795,2026-05-21,109,4,5
796,2026-08-22,107,2,1
797,2026-03-23,109,2,2
798,2026-07-04,109,3,3
799,2026-03-15,110,4,1
800,2026-02-24,104,1,4
801,2026-06-01,104,2,5
802,2026-07-21,106,2,1
803,2026-02-13,107,1,5
804,2026-06-03,106,2,3
805,2026-02-04,109,1,5
806,2026-03-31,107,2,4
807,2026-03-15,109,4,5
808,2026-04-17,110,2,5
809,2026-01-01,106,3,2
810,2026-04-05,110,5,4
811,2026-07-21,102,1,1
812,2026-05-03,110,2,2
813,2026-08-20,106,3,1
814,2026-05-26,103,3,4
815,2026-03-28,105,2,3
816,2026-08-25,102,3,1
817,2026-02-07,105,4,4
818,2026-01-03,106,4,4
819,2026-08-31,105,5,5
820,2026-01-29,109,4,3
821,2026-01-05,106,4,2
822,2026-03-08,104,4,5
823,2026-04-28,110,3,5
824,2026-04-30,101,2,2
825,2026-08-19,103,3,1
826,2026-03-09,104,2,3
827,2026-02-01,107,1,2
828,2026-03-31,104,3,5
829,2026-07-27,108,3,3
830,2026-07-10,109,4,5
831,2026-02-09,101,2,5
832,2026-02-12,104,5,5
833,2026-04-10,108,1,4
834,2026-08-27,107,2,4
835,2026-01-16,105,2,5
836,2026-02-09,104,3,5
837,2026-06-10,106,5,4
838,2026-01-17,107,5,2
839,2026-08-02,106,3,2
840,2026-05-14,107,4,3
841,2026-01-09,104,5,4
842,2026-02-23,110,5,1
843,2026-06-11,108,4,4
844,2026-06-03,106,1,1
845,2026-01-27,106,2,2
846,2026-08-20,110,2,2
847,2026-01-09,101,1,4
848,2026-07-11,110,1,5
849,2026-01-01,101,4,1
850,2026-07-12,104,4,4
851,2026-06-05,107,5,2
852,2026-07-03,106,2,2
853,2026-06-08,108,4,2
854,2026-06-29,101,5,4
855,2026-05-26,108,5,1
856,2026-07-31,109,2,5
857,2026-01-11,109,1,2
858,2026-01-15,102,2,5
859,2026-03-14,106,5,3
860,2026-02-07,109,2,1
861,2026-08-06,105,4,2
862,2026-05-15,103,5,5
863,2026-01-27,109,3,1
864,2026-04-16,109,4,1
865,2026-07-16,107,4,5
866,2026-01-23,105,2,1
867,2026-05-04,106,1,2
868,2026-04-10,101,2,4
869,2026-03-06,110,5,2
870,2026-03-04,109,2,2
871,2026-01-09,107,5,4
872,2026-06-28,103,3,4
873,2026-07-08,107,5,4
874,2026-05-03,106,3,3
875,2026-08-16,105,1,1
876,2026-06-16,107,3,2
877,2026-01-22,102,3,2
878,2026-05-09,107,1,5
879,2026-07-02,103,3,1
880,2026-07-31,103,4,1
881,2026-08-07,101,2,3
882,2026-08-31,105,4,5
883,2026-01-05,105,4,5
884,2026-08-16,102,5,1
885,2026-06-29,107,2,4
886,2026-03-02,106,4,1
887,2026-06-13,108,1,5
888,2026-04-09,103,4,3
889,2026-07-15,108,1,5
890,2026-01-02,105,4,5
891,2026-03-30,102,4,1
892,2026-03-03,103,5,5
893,2026-01-28,109,5,4
894,2026-08-30,101,1,1
895,2026-05-25,110,4,4
896,2026-08-25,105,5,2
897,2026-08-30,101,3,1
898,2026-05-09,107,3,5
899,2026-05-19,104,3,5
900,2026-03-20,105,4,5
901,2026-06-24,107,2,4
902,2026-03-26,104,1,1
903,2026-01-25,101,1,2
904,2026-06-20,104,3,5
905,2026-05-22,107,4,2
906,2026-04-30,106,3,1
907,2026-08-12,107,3,3
908,2026-01-29,103,4,3
909,2026-03-25,101,4,4
910,2026-02-16,105,1,3
911,2026-06-14,108,5,4
912,2026-05-14,109,3,2
913,2026-04-28,105,5,4
914,2026-06-06,108,2,1
915,2026-01-01,104,4,4
916,2026-07-24,105,1,1
917,2026-03-24,105,1,5
918,2026-05-05,106,5,4
919,2026-01-26,106,2,1
920,2026-06-13,107,5,1
921,2026-04-19,107,4,1
922,2026-08-11,105,2,3
923,2026-05-24,101,3,4
924,2026-01-18,110,3,4
925,2026-02-07,106,1,5
926,2026-06-22,103,5,2
927,2026-08-27,108,5,2
928,2026-07-07,101,4,4
929,2026-01-25,110,4,2
930,2026-06-05,108,2,2
931,2026-07-16,103,3,4
932,2026-01-23,105,4,1
933,2026-06-23,105,2,3
934,2026-07-02,107,5,1
935,2026-03-28,102,3,3
936,2026-01-25,107,3,3
937,2026-02-20,108,2,1
938,2026-01-19,101,1,3
939,2026-07-21,109,1,3
940,2026-06-08,103,3,4
941,2026-08-12,103,3,3
942,2026-08-06,102,4,5
943,2026-01-12,102,1,1
944,2026-08-06,107,5,1
945,2026-05-22,102,4,4
946,2026-07-12,103,2,1
947,2026-06-19,108,4,2
948,2026-05-09,104,3,3
949,2026-02-17,104,5,2
950,2026-08-26,108,1,4
951,2026-06-18,102,1,3
952,2026-05-01,101,3,4
953,2026-03-16,103,5,3
954,2026-06-24,104,3,3
955,2026-08-20,109,2,1
956,2026-08-12,108,1,1
957,2026-08-09,106,1,5
958,2026-05-11,101,2,2
959,2026-07-19,104,4,3
960,2026-03-20,109,2,2
961,2026-04-04,102,2,1
962,2026-03-26,104,2,4
963,2026-04-17,104,3,5
964,2026-08-12,109,2,4
965,2026-07-12,109,5,4
966,2026-06-06,103,4,3
967,2026-06-29,103,4,2
968,2026-02-09,105,1,2
969,2026-08-14,109,2,1
970,2026-08-03,107,4,5
971,2026-01-03,107,1,1
972,2026-05-08,106,5,4
973,2026-02-22,107,2,2
974,2026-06-10,108,3,4
975,2026-04-17,104,4,2
976,2026-05-30,102,3,5
977,2026-04-28,109,5,5
978,2026-02-23,105,2,4
979,2026-07-30,107,3,5
980,2026-05-31,109,4,1
981,2026-07-26,107,2,2
982,2026-01-13,101,5,1
983,2026-06-05,106,1,2
984,2026-04-27,105,5,2
985,2026-07-13,101,3,1
986,2026-01-21,107,4,2
987,2026-06-14,103,2,4
988,2026-02-05,109,5,4
989,2026-01-14,101,5,5
990,2026-05-09,105,1,4
991,2026-04-09,105,2,5
992,2026-03-04,103,4,1
993,2026-05-14,101,2,2
994,2026-08-23,108,1,2
995,2026-06-14,110,3,1
996,2026-04-22,105,3,3
997,2026-08-05,107,3,3
998,2026-08-13,104,1,3
999,2026-01-21,105,4,5
1000,2026-07-08,109,3,3
